,regime,exit_delay,geofence_exit_to_first_point,trip_start_to_first_point
0,hafs,613.190749943,2.80924999714,615.99999994
1,mafs,908.952599955,15.6834000111,924.635999966
