state,nd,nohafs,nomafs,nomass,geofenced
active,-0.524340,-4.87566,-1.05426,-0.66685,-0.69629
moving,-0.49800,-5.47260,-2.41247,-1.41232,
passive,-0.373357,-4.75929,-0.40174,-0.36613,-0.477687
