,regime,exit_delay,geofence_exit_to_first_point,trip_start_to_first_point
0,hafs,702.51239171,0.195591878891,702.707983589
1,mafs,906.109443235,154.714428186,1060.82387142
