state,nd,nohafs,nomafs,nomass,geofenced
active,-0.325990,-4.25766,-2.47322,-3.299283,-0.77985
moving,-0.75556,-5.08588,-1.98132,-2.34498,
passive,-0.23437,-3.35843,-1.55772,-1.92884,-0.51026
